{"ite": ["tokyo", "seoul", "delhi", "istanbul", "karachi", "dhaka", "kuala lumpur", "dallas", "yangon", "busan", "durban", "seattle", "jaipur", "lucknow", "tashkent", "san juan", "cali", "denver", "colombo", "vancouver", "incheon", "fuzhou", "ibadan", "vadodara", "kyoto", "gwangju", "belem", "omdurman", "caloocan", "kalookan", "jeju", "varazdin", "dhule", "asan", "akure", "haeju", "sariwon", "jeonju", "moreno valley", "phra pradaeng", "copenhagen", "taiping", "khammam", "kuantan", "changwon", "north shore", "chandler", "thiruvananthapuram", "xuanzhou", "guangzhou", "hue", "oshogbo", "leicester", "pahang", "penang", "shillong"], "n": ["jakarta", "osaka", "kolkata", "nagoya", "kinshasa", "philadelphia", "atlanta", "alexandria", "luanda", "addis ababa", "surabaya", "changsha", "fukuoka", "havana", "accra", "yokohama", "giza", "ludhiana", "douala", "agra", "bursa", "valencia", "cordoba", "kampala", "saitama", "ottawa", "hiroshima", "sofia", "samara", "gujranwala", "lusaka", "ufa", "sendai", "valenzuela", "akola", "zaragoza", "barcelona", "santa ana", "panzhihua", "gumi", "teresina", "amroha", "berbera", "bien hoa", "gaza", "ichikawa", "kakogawa", "abeokuta", "qamishli", "xalapa", "haeju", "batna", "villahermosa", "monteria", "latakia", "purnia", "yogyakarta", "hetauda", "villanueva", "bhilwara", "linxia", "mbeya", "neiva", "palma", "pasadena", "zaria", "sorocaba", "santa marta", "tanta", "tlalnepantla", "doha", "kumamoto", "niigata", "asmara", "brescia", "santa clara", "fukushima", "ismailia", "garoua", "oaxaca", "riga", "kostroma", "kanazawa", "chiba", "mecca", "quetta", "nakhon ratchasima", "puebla"], "er": ["new york", "beijing", "shenzhen", "london", "essen", "hong kong", "taipei", "khartoum", "shenyang", "chongqing", "nanjing", "detroit", "berlin", "montreal", "pyongyang", "harbin", "dar es salaam", "taichung", "changchun", "daegu", "lisbon", "nanchang", "dalian", "shijiazhuang", "rotterdam", "bonn", "bucharest", "taiyuan", "chaoyang", "zhongshan", "nanhai", "lanzhou", "xiamen", "zaozhuang", "jilin", "wenzhou", "stockholm", "puning", "minsk", "nanchong", "urumqi", "yantai", "fuyang", "tangshan", "hamburg", "xuzhou", "baotou", "hefei", "tianmen", "suizhou", "nanyang", "ningbo", "liuan", "anshan", "tengzhou", "pizhou", "taian", "datong", "taizhou", "luoyang", "jinjiang", "daejeon", "xiantao", "tangerang", "kharkiv", "xinghua", "fushun", "shangqiu", "hechuan", "wujin", "guigang", "jianyang", "huhehaote", "semarang", "neijiang", "nan'an", "weifang", "daqing", "tongzhou", "rugao", "huainan", "suining", "bozhou", "zhanjiang", "changde", "ekaterinoburg", "handan", "jiangjin", "pingdu", "jiangyin", "liuyang", "dengzhou", "palembang", "heze", "auckland", "shantou", "leizhou", "xinyang", "luzhou", "changshu", "taixing", "phnom penh", "laiwu", "xiaoshan", "yiyang", "liuzhou", "fengcheng", "ruian", "lianjiang", "huaian", "quanzhou", "bazhong", "haicheng", "xishan", "leiyang", "lufeng", "dongtai", "yixing", "mianyang", "wenling", "leqing", "chifeng", "nashik", "huzhou", "macheng", "wuxian", "yuzhou", "leshan", "dingzhou", "jamshedpur", "zurich", "zoucheng", "anqiu", "guang'an", "asansol", "shouguang", "changzhou", "hanchuan", "qidong", "faridabad", "zaoyang", "zhucheng", "jiangdu", "xiangcheng", "zigong", "jining", "beiliu", "gongzhuling", "qinzhou", "ezhou", "zhongxiang", "amsterdam", "meishan", "rui'an", "kaiyuan", "yichun", "xinzhou", "durgapur", "xiangyang", "yima", "zhangye", "ankang", "zhoukou", "wuzhou", "meizhou", "hancheng", "danyang", "xiangtan", "yueyang", "jiaxing", "luoding", "gimcheon", "pingxiang", "baoshan", "jiajiang", "malegaon", "pingliang", "huanggang", "cleveland", "yangzhou", "bengbu", "hengyang", "xianning", "anlu", "fuyu", "chaohu", "hejian", "wanxian", "wendeng", "wurzburg", "yangjiang", "qianjiang", "jieyang", "yingkou", "jiyuan", "wangqing", "qian'an", "xintai", "aachen", "richmond", "bochum", "dandong", "nanping", "dresden", "wujiaqu", "songyuan", "kollam", "chenzhou", "dongying", "shaoxing", "pathein", "tianshui", "chuzhou", "yan'an", "utrecht", "mannheim", "guangshui", "xi'an", "bakersfield", "prince edward island"], "nese": ["shanghai", "chengdu", "hangzhou", "qingdao", "zhengzhou", "suzhou", "fuqing", "rizhao", "jiaozuo", "beipiao", "wugang", "wuhai", "beihai", "zhangjiakou", "aceh", "bali", "java", "saba"], "ian": ["paris", "lagos", "bangkok", "boston", "houston", "riyadh", "washington", "izmir", "nagpur", "birmingham", "medan", "tunis", "preston", "budapest", "qiqihaer", "esfahan", "perth", "novosibirsk", "kayes", "tabriz", "visakhapatnam", "al-hasakeh", "nizhny novgorod", "yongcheng", "ouagadougou", "makasar", "omsk", "jabalpur", "kazan", "yerevan", "chelyabinsk", "ulsan", "marrakech", "dhanbad", "edmonton", "allahabad", "dnipropetrovsk", "volgograd", "brussels", "barnaul", "ghaziabad", "stockport", "oran", "nanded", "calicut", "antwerp", "naucalpan", "jamnagar", "al-qatif", "gandhinagar", "jalgaon", "faridabad", "krasnoyarsk", "jingmen", "ha'il", "vladivostok", "wollongong", "jos", "rongcheng", "ambattur", "maturin", "yingcheng", "bydgoszcz", "alor setar", "kikwit", "raurkela", "orsk", "savannah", "amol", "rahim yar khan", "seremban", "shuangyashan", "tasek gelugor", "nadiad", "poznan", "hospet", "winnipeg", "deir ez-zor", "firozabad", "gibraltar", "vasai-virar", "brampton", "kashgar", "kramatorsk", "raichur", "imphal", "rajapalayam", "warangal", "gaziantep", "eskisehir", "piraeus", "tiruvottiyur", "tuticorin", "ternopil", "bournemouth", "el obeid", "bharatpur", "bilaspur", "heraklion", "baoshan", "stavropol", "bhimavaram", "solapur", "azov", "cologne", "hannover", "tabuk", "doboj", "oxnard", "xinmin", "surgut", "tangail", "abakan", "bardhaman", "debrecen", "port said", "cauayan", "belgaum", "bishkek", "izhevsk", "elbasan", "chishtian", "fort worth", "al khubar", "pimpri-chinchwad", "adiyaman", "duisburg", "brest", "guntur", "luhansk", "san juan", "aalborg", "kabankalan", "ryazan", "bacoor", "tangier", "chiang mai", "samut prakan", "lviv", "port elizabeth", "pematangsiantar", "belfast", "qiqihar", "nuremberg", "gdansk", "taganrog", "sudan"], "an": ["chicago", "bangalore", "miami", "singapore", "monterrey", "nairobi", "kyiv", "rawalpindi", "st. louis", "dubai", "baltimore", "linyi", "indore", "nakuru", "koulikoro", "mopti", "wuxi", "santa cruz", "guiping", "kochi", "xintai", "kawasaki", "makkah", "yaounde", "xuanwei", "thane", "cixi", "varanasi", "madurai", "kumasi", "yushu", "tianshui", "zhuji", "tbilisi", "tiruchirappalli", "loudi", "naihati", "novokuznetsk", "kigali", "ife", "tirunelveli", "miri", "xinmi", "benxi", "cimahi", "kikuyu", "kousseri", "manado", "tomakomai", "kolwezi", "murmansk", "eluru", "lilongwe", "wad madani", "baoji", "wuwei", "ikare", "yokkaichi", "pekanbaru", "thoothukudi", "kasugai", "lipetsk", "baguio", "chonburi", "kursk", "shimonoseki", "panihati", "kisangani", "chisinau", "kasukabe", "kokshetau", "eixample", "xinyi", "vellore", "tirupati", "yanji", "milwaukee", "baybay", "bryansk", "omsk", "johor bahru", "sakai", "navi mumbai", "sumy", "voronezh", "benghazi", "batumi", "tiruvannamalai", "abu dhabi", "fiji"], "i": ["tehran", "hyderabad", "baghdad", "ahmedabad", "surat", "kanpur", "kabul", "amman", "mashhad", "bhopal", "homs", "karaj", "shiraz", "multan", "kalyan", "meerut", "khamis mushayt", "al-raqqa", "jamalpur", "larkana", "jammu", "jizzakh", "bijapur", "suez", "quthbullapur", "rahimyar khan", "kish", "kolhapur", "bannu", "agadir", "naga", "sikar", "bahraich", "aswan", "asyut", "abohar", "balkh", "tabriz", "nangloi jat", "pilibhit", "astrakhan", "biratnagar", "saharanpur", "baghlan", "arak", "bani suwayf", "aden", "kunduz", "purnea", "birjand", "jalna", "ujjain", "dahuk", "muzaffarnagar", "ahmednagar", "pabna", "hapur", "gorakhpur", "turkistan", "sagamihara", "rabat", "namangan", "qazvin", "mirzapur", "bhavnagar", "balurghat", "bahawalpur", "udaipur", "qom", "anand", "muzaffarpur", "panipat", "aurangabad", "tlemcen", "myanmar", "tel aviv"], "ese": ["dongguan", "tianjin", "wuhan", "milan", "bandung", "xi'an", "kaohsiung", "kunming", "guiyang", "nanning", "leon", "pingdingshan", "wugang", "tongren", "ambon", "zhaoqing", "zhuzhou", "xiangyang", "ajman", "aragon", "assam", "bengal", "benin", "bergen", "bern", "bearn", "bhutan", "cirebon", "east timor", "gabon", "hainan", "hunan", "japan", "kelantan", "london", "marshall", "negeri sembilan", "pahang", "piedmont", "pittsburgh", "sark", "senegal", "shanghai", "siam", "sikkim", "swindon", "taiwan", "tegal", "vietnam"], "nian": ["toronto", "sikasso", "gaozhou", "jingzhou", "qingzhou", "yongzhou", "zarqa", "xinpu", "huazhou", "reno", "cagayan de oro"], "is": ["casablanca", "afghanistan", "azerbaijan", "bahrain", "bangladesh", "iraq", "israel", "kazakhstan", "kurdistan", "kuwait", "kyrgyzstan", "nepal", "oman", "pakistan", "qatar", "tajikistan", "turkmenistan", "uzbekistan", "yemen", "allahabad", "azawad", "balochistan", "barisal", "beirut", "bihar", "dagestan", "faridabad", "gujarat", "hyderabad", "kumaon", "punjab", "rajasthan", "rangpur", "sindh", "sylhet"], "ns": ["africa", "antarctica", "asia", "australia", "north america", "south america", "central america", "oceania", "albania", "algeria", "andorra", "angola", "antigua", "armenia", "austria", "barbuda", "bolivia", "botswana", "bulgaria", "cambodia", "colombia", "costa rica", "croatia", "cuba", "eritrea", "estonia", "ethiopia", "galatia", "gambia", "georgia", "guatemala", "guinea", "india", "indonesia", "jamaica", "kenya", "north korea", "south korea", "latvia", "liberia", "libya", "lithuania", "malaysia", "mauritania", "micronesia", "moldova", "mongolia", "namibia", "nicaragua", "nigeria", "papua new guinea", "persia", "romania", "russia", "rwanda", "saint lucia", "samoa", "saudi arabia", "serbia", "slovakia", "slovenia", "south africa", "sri lanka", "syria", "tanzania", "tonga", "tunisia", "uganda", "venezuela", "zambia", "abkhazia", "alaska", "alberta", "andalusia", "arizona", "bavaria", "bohemia", "british columbia", "california", "carinthia", "corsica", "crimea", "cumbria", "dalmatia", "extremadura", "florida", "galicia", "iowa", "jakarta", "java", "judea", "karelia", "liguria", "louisiana", "madeira", "malacca", "majorca", "manitoba", "masuria", "menorca", "minnesota", "montana", "moravia", "nebraska", "nevada", "north dakota", "nova scotia", "oklahoma", "papua", "patagonia", "pennsylvania", "pomerania", "samogitia", "sardinia", "silesia", "slavonia", "south australia", "south dakota", "styria", "sumatra", "sumba", "sumbawa", "syrmia", "tasmania", "thuringia", "transnistria", "transylvania", "umbria", "utah", "victoria", "virginia", "wallachia", "western australia", "west papua", "westphalia", "alexandria", "atlanta", "bogota", "canberra", "chattanooga", "madera", "manila", "mecca", "medina", "ottawa", "philadelphia", "pisa", "regina", "riga", "sarasota", "sofia", "surabaya", "tulsa", "utica", "valencia", "catalonia", "tauranga"], "ans": ["europe", "belize", "brunei", "burundi", "chile", "haiti", "kiribati", "malawi", "mali", "nauru", "palau", "paraguay", "sierra leone", "singapore", "tuvalu", "uruguay", "vanuatu", "zimbabwe", "delaware", "hawaii", "idaho", "illinois", "kedah", "mississippi", "missouri", "new jersey", "ohio", "sabah", "tahiti", "taranaki", "adelaide", "albuquerque", "baltimore", "charlotte", "chicago", "cincinnati", "danu", "el paso", "hanoi", "kalamazoo", "kyiv", "miami", "milwaukee", "naypyidaw", "oklahoma city", "pueblo", "san jose", "sioux city", "st. louis", "toledo", "waco"], "ians": ["oregon", "saskatchewan", "bristol", "brockton", "coimbatore", "hobart", "izmir", "salem", "tucson", "artsakh", "azerbaijan", "belarus", "brazil", "cameroon", "chad", "ecuador", "egypt", "ghana", "gibraltar", "iran", "jordan", "aarhus", "banat", "ballarat", "banten", "birmingham", "blackburn", "bangkok", "boston", "bracknell", "bradford", "brighton", "chelmsford", "christchurch", "cirebon", "corinth", "darwin", "dayton", "devon", "duluth", "edmonton", "fort worth", "fredericton", "hamilton", "hereford", "houston", "jessup", "kingston", "labrador", "lexington", "madison", "michigan", "nelson", "paris", "perlis", "perak", "rochester", "rockwall", "saint petersburg", "sarawak", "savannah", "swindon", "tel aviv", "telford", "tuban", "washington", "wellington", "wilmington", "yukon"], "ites": ["istanbul", "akron", "ann arbor", "austin", "boulder", "bronx", "brooklyn", "chennai", "dallas", "decatur", "denton", "denver", "dhaka", "dubai", "dunedin", "durban", "erie", "gaya", "guelph", "israel", "jerusalem", "karachi", "kweyol", "labuan bajo", "manhattan", "montpelier", "mumbai", "norman", "oban", "patna", "perth", "pullman", "putney", "queens", "reading", "reno", "ruskin", "saint paul", "salem", "seattle", "seoul", "sydney", "tokyo", "vancouver", "vizag", "warangal", "wenham", "whittier", "winston-salem", "wisconsin", "wrexham", "wyoming", "yangon"], "nians": ["truro", "bendigo", "buffalo", "naga", "panama", "sligo", "tampa", "tobago", "toronto", "wa", "lesotho"], "ers": ["auckland", "beijing", "bergen", "berlin", "bucharest", "budapest", "cleveland", "copenhagen", "detroit", "dublin", "dresden", "frankfurt", "greenland", "hamburg", "iceland", "leipzig", "liechtenstein", "little rock", "london", "luxembourg", "maryland", "montreal", "new brunswick", "new england", "new york", "new zealand", "newfoundland", "oakland", "pittsburgh", "puntland", "queensland", "rhineland", "rhode island", "saigon", "stockholm", "stuttgart", "tallinn", "vermont", "yukon", "zurich"]}